Papel;Segmento;Cotacao;FFO Yield;Dividend Yield;P/VP;Valor de Mercado;Liquidez;Qtd de imoveis;Preco do m2;Aluguel por m2;Cap Rate;Vacancia Media
AAZQ11;Titulos e Val. Mob.;6,62;21,94%;18,12%;0,76;159.127.000;800.052;0;0;0;0,00%;0,00%
ABCP11;Shoppings;75,03;8,24%;8,86%;0,74;353.322.000;58.154;1;4.934,93;511,02;10,36%;2,01%
AEFI11;Outros;174,9;8,89%;0,00%;1,2;411.893.000;0;7;4.316,30;394,34;9,14%;0,00%
AFCR11;Hibrido;103,15;6,80%;0,00%;1,05;498.867.000;0;0;0;0;0,00%;0,00%
AFHI11;Titulos e Val. Mob.;94,18;9,98%;11,46%;0,99;429.048.000;1.244.800;0;0;0;0,00%;0,00%
AFOF11;Titulos e Val. Mob.;91,6;0,77%;0,00%;11,34;1.390.540.000;0;0;0;0;0,00%;0,00%
AGCX11;Outros;1.235,50;0,74%;0,00%;11,48;15.425.600.000;0;71;74.850,90;756,97;1,01%;5,39%
AGRX11;Hibrido;7,4;24,50%;19,29%;0,73;132.483.000;545.798;0;0;0;0,00%;0,00%
AIEC11;Lajes Corporativas;44,3;21,10%;20,57%;0,52;213.747.000;582.419;2;8.883,17;1.935,00;21,78%;0,00%
AJFI11;Titulos e Val. Mob.;7,45;7,69%;9,84%;0,61;235.614.000;653.407;0;0;0;7,06%;0,00%
ALMI11;Lajes Corporativas;590;5,57%;2,38%;0,27;65.594.400;25.879;1;1.426,86;211,7;14,84%;55,40%
ALZC11;Titulos e Val. Mob.;92;8,78%;8,54%;0,92;62.599.200;188.572;0;0;0;0,00%;0,00%
ALZM11;Titulos e Val. Mob.;7,17;9,78%;13,76%;0,89;108.844.000;204.321;0;0;0;0,00%;0,00%
ALZR11;Hibrido;100,9;7,56%;8,67%;0,96;1.233.670.000;2.022.750;17;4.891,99;331,28;6,77%;0,00%
ANCR11;Shoppings;105;8,55%;5,54%;0,97;2.807.180.000;433;7;11.543,50;1.393,52;12,07%;4,42%
APTO11;Hibrido;9,19;11,85%;12,03%;0,92;42.386.400;42.258;4;16.913,20;1.091,99;6,46%;0,00%
APXM11;Hibrido;98,5;5,48%;6,91%;1,01;220.024.000;13.683;1;1.693,17;150,78;8,91%;10,24%
ARCT11;Hibrido;87,13;-62,48%;0,00%;0,87;368.999.000;0;13;1.073,41;108,66;10,12%;3,26%
AROA11;Outros;1,12;5,96%;5,78%;1,13;188.078.000;8.241;6;1.432,97;96,06;6,70%;0,00%
ARRI11;Titulos e Val. Mob.;8,51;6,77%;10,93%;0,99;167.195.000;537.069;0;0;0;0,00%;0,00%
ARXD11;Titulos e Val. Mob.;8,7;124,24%;13,19%;0,09;5.697.590;179.313;0;0;0;0,00%;0,00%
ASMT11;Hibrido;36,5;7,98%;0,00%;0,4;39.465.900;8.362;3;3.375,46;749,21;22,20%;0,00%
ASRF11;Hibrido;10.942,00;-4,98%;0,00%;1,16;32.191.400;34.587;2;4.727,87;0;0,00%;0,00%
ATSA11;Shoppings;51,07;1,50%;2,35%;0,67;89.430.800;1.565;1;2.633,67;55,78;2,12%;18,60%
AURB11;Logistica;78;1,57%;0,00%;1,02;70.084.100;27;2;2.079,31;123,74;5,95%;48,35%
AZPL11;Logistica;7,07;-0,03%;0,00%;0,71;128.742.000;627.261;0;0;0;0,00%;0,00%
BARI11;Titulos e Val. Mob.;74,11;10,85%;11,92%;0,81;343.440.000;581.846;3;3.217,09;0;0,00%;0,00%
BBFI11;Lajes Corporativas;365,3;206,30%;61,25%;0,42;47.489.000;229.984;3;426,84;1.192,87;279,47%;46,50%
BBFO11;Titulos e Val. Mob.;64,29;18,29%;11,43%;0,83;257.411.000;336.637;0;0;0;0,00%;0,00%
BBGO11;Titulos e Val. Mob.;62,62;22,96%;13,65%;0,65;250.803.000;660.353;0;0;0;0,00%;0,00%
BBIG11;Shoppings;8,24;1,61%;3,73%;0,85;816.757.000;1.092.590;0;0;0;0,00%;0,00%
BBPO11;Lajes Corporativas;96,75;11,04%;0,00%;0,95;1.540.230.000;0;62;3.846,17;501,92;13,05%;4,57%
BBRC11;Outros;105,27;12,77%;11,90%;0,94;167.379.000;101.645;20;9.867,79;1.521,65;15,42%;0,00%
BBVJ11;Lajes Corporativas;62,99;2,75%;0,00%;0,88;197.789.000;0;1;10.136,10;587,26;5,79%;45,04%
BCFF11;Titulos e Val. Mob.;7,35;10,72%;11,91%;0,81;1.480.960.000;2.472.070;0;0;0;0,00%;0,00%
BCIA11;Titulos e Val. Mob.;87,69;10,71%;11,16%;0,86;326.122.000;927.553;0;0;0;0,00%;0,00%
BCRI11;Titulos e Val. Mob.;63,16;15,85%;13,67%;0,72;395.247.000;520.946;0;0;0;0,00%;0,00%
BICE11;Titulos e Val. Mob.;950;7,61%;8,83%;0,93;113.385.000;355;0;0;0;0,00%;0,00%
BICR11;Titulos e Val. Mob.;35,92;19,03%;6,64%;0,81;17.960.000;3.086;0;0;0;0,00%;0,00%
BIME11;Hibrido;7,21;13,54%;13,64%;0,84;42.146.800;69.509;3;115,54;0;0,00%;0,00%
BIPD11;Titulos e Val. Mob.;988,17;-2,53%;7,39%;0,99;78.456.700;0;2;7.471,91;0;0,00%;0,00%
BLCA11;Lajes Corporativas;98;-1,28%;16,06%;0,82;156.800.000;73.958;1;37.295,00;2.988,47;8,01%;0,00%
BLCP11;Logistica;91;5,41%;0,00%;0,81;208.962.000;0;2;3.014,16;199,89;6,63%;0,00%
BLMC11;Titulos e Val. Mob.;85,75;11,10%;3,59%;0,91;34.257.100;0;0;0;0;0,00%;0,00%
BLMG11;Outros;34,13;18,43%;13,88%;0,49;145.694.000;727.101;2;80,75;15,71;19,46%;58,43%
BLMO11;Lajes Corporativas;72,93;7,00%;7,00%;0,7;72.551.800;60.555;1;8.675,30;813,89;9,38%;0,00%
BLMR11;Titulos e Val. Mob.;6,78;10,17%;0,78%;0,84;173.172.000;0;0;0;0;0,00%;0,00%
BLOG11;Titulos e Val. Mob.;10,5;0,64%;0,00%;1,03;149.703.000;188;0;0;0;0,34%;0,00%
BLUR11;Titulos e Val. Mob.;85;5,39%;9,55%;1,01;7.650.000;3.121;0;0;0;0,00%;0,00%
BMLC11;Hibrido;98;9,24%;7,94%;0,99;97.843.700;49.483;1;15.988,90;1.448,57;9,06%;2,14%
BNFS11;Outros;106,1;15,88%;14,31%;1,26;74.270.000;106.188;18;6.796,66;1.280,09;18,83%;0,22%
BPFF11;Outros;60,5;17,48%;11,57%;0,83;271.786.000;302.610;0;0;0;0,00%;0,00%
BPML11;Hibrido;80,5;-1,15%;11,87%;0,62;599.060.000;1.859.080;4;4.533,45;769,56;16,98%;7,11%
BPRP11;Outros;107,5;10,56%;8,92%;0,86;145.107.000;359;1;6.230,68;692,07;11,11%;0,00%
BRCO11;Logistica;104,5;7,64%;8,04%;0,88;1.662.090.000;3.069.470;12;3.247,63;313,37;9,65%;5,95%
BRCR11;Hibrido;44,05;-0,83%;11,57%;0,49;1.173.410.000;1.539.120;6;10.135,00;1.612,29;15,91%;6,14%
BREV11;Hibrido;105;6,59%;0,00%;0;101.556.000;0;13;0;1.437,55;0,00%;0,00%
BRIM11;Residencial;1.115,00;2,96%;25,44%;1,48;138.413.000;36.808;1;163.704,00;0;0,00%;0,00%
BRIP11;Hibrido;947,99;-3,47%;25,23%;0,97;204.268.000;16.446;0;0;0;0,00%;0,00%
BRLA11;Outros;148;6,43%;8,04%;0,9;712.349.000;8.695;8;1.676,19;111,49;6,65%;0,00%
BROF11;Hibrido;47,27;13,97%;12,13%;0,44;548.843.000;484.503;2;5.940,63;1.040,57;17,52%;4,64%
BTAL11;Outros;70,38;19,51%;11,94%;0,63;421.065.000;641.007;9;1.204,98;174,04;14,44%;0,00%
BTCI11;Titulos e Val. Mob.;9,16;12,01%;11,49%;0,91;911.614.000;1.806.230;0;0;0;0,00%;0,00%
BTCR11;Titulos e Val. Mob.;88;12,48%;0,00%;0,92;423.289.000;0;0;0;0;0,00%;0,00%
BTHI11;Hotel;39,2;9,60%;10,56%;0,62;361.366.000;53.943;12;707,41;75,41;10,66%;0,00%
BTLG11;Hibrido;96,56;5,06%;9,10%;0,93;4.176.140.000;9.610.430;21;3.283,35;235,69;7,18%;2,43%
BTML11;Hibrido;111,28;9,06%;8,18%;0,96;126.321.000;0;2;22.355,60;2.145,74;9,60%;9,70%
BTRA11;Outros;41,56;57,06%;9,57%;0,38;139.831.000;249.707;6;1,31;0,23;17,72%;30,27%
BTSG11;Logistica;159,05;10,36%;6,72%;1,09;123.266.000;109;1;6.534,61;736,27;11,27%;0,00%
BTSI11;Hibrido;112,35;5,50%;7,48%;1,04;472.776.000;20;4;930,91;81,23;8,73%;0,00%
BTWR11;Lajes Corporativas;105,49;6,72%;6,86%;0,93;85.369.900;28.075;1;2.287,56;225,65;9,86%;4,00%
BTYU11;Hibrido;11,1;2,37%;4,48%;1,07;222.000.000;372.521;0;0;0;0,00%;0,00%
BVAR11;Outros;1.450,00;6,31%;5,83%;1,68;907.033.000;414;47;8.904,68;605,77;6,80%;23,15%
CACR11;Hibrido;99,39;7,06%;15,17%;1,01;480.682.000;1.599.900;0;0;0;0,00%;0,00%
CARE11;Hibrido;1,48;-9,62%;0,00%;0,21;52.939.500;52.622;1;0;0;0,00%;0,00%
CBOP11;Lajes Corporativas;26;5,87%;4,23%;0,36;36.790.000;12.908;1;2.258,15;328,43;14,54%;53,40%
CCME11;Outros;9,22;8,09%;10,56%;0,87;625.089.000;805.512;2;5.998,04;438;7,30%;13,22%
CCRF11;Titulos e Val. Mob.;92,5;7,16%;0,00%;0,95;145.401.000;0;0;0;0;0,00%;0,00%
CCVA11;Hibrido;100,07;1,53%;0,00%;0,99;61.793.200;79.601;1;2.128,65;33,55;1,58%;4,20%
CEOC11;Lajes Corporativas;41;13,01%;11,91%;0,57;74.443.500;38.031;1;4.684,84;730,04;15,58%;0,00%
CFHI11;Outros;650;26,24%;22,57%;1,03;61.490.000;0;10;4.771,49;0;0,00%;0,00%
CFII11;Hibrido;1.000,00;-0,70%;10,80%;0,96;122.819.000;0;4;7.236,82;263,74;3,64%;0,00%
CJCT11;Lajes Corporativas;52;3,33%;3,15%;0,72;163.280.000;182.416;1;8.367,66;587,26;7,02%;45,04%
CLIN11;Titulos e Val. Mob.;94,55;8,02%;11,90%;0,97;410.986.000;1.705.110;0;0;0;0,00%;0,00%
CNES11;Lajes Corporativas;1,31;7,23%;6,84%;0,17;44.716.600;63.536;1;643,96;175,67;27,28%;54,60%
COPP11;Hibrido;103;4,31%;0,72%;0,93;290.462.000;0;3;5,39;0,23;4,20%;69,86%
CORM11;Hibrido;81;3,59%;0,00%;0,89;87.581.800;0;3;7.490,75;749,21;10,00%;0,00%
CPFF11;Titulos e Val. Mob.;63,01;3,68%;11,56%;0,82;160.869.000;288.777;0;0;0;0,00%;0,00%
CPLG11;Logistica;10,9;-0,24%;0,74%;1,03;374.363.000;9.542.440;0;0;0;0,00%;0,00%
CPOF11;Hibrido;109;4,07%;6,92%;0,99;307.382.000;6.236.990;3;5,7;0,23;3,97%;69,86%
CPSH11;Shoppings;9,89;4,31%;11,37%;0,89;788.231.000;1.400.190;6;951,53;55,07;5,79%;6,10%
CPTR11;Titulos e Val. Mob.;6,43;20,49%;16,01%;0,68;266.074.000;1.470.810;0;0;0;0,00%;0,00%
CPTS11;Titulos e Val. Mob.;7,28;7,92%;11,42%;0,84;2.313.790.000;13.101.600;0;0;0;0,00%;0,00%
CRAA11;Titulos e Val. Mob.;101,51;3,04%;13,96%;1;240.562.000;1.285.090;0;0;0;0,00%;0,00%
CRFF11;Titulos e Val. Mob.;68,82;10,44%;11,11%;0,81;47.488.600;55.983;0;0;0;0,00%;0,00%
CTXT11;Lajes Corporativas;6,97;-21,94%;0,00%;0,26;27.332.400;2.014;1;585,67;10,21;1,74%;100,00%
CVBI11;Titulos e Val. Mob.;84,4;12,45%;12,17%;0,9;929.263.000;2.110.610;0;0;0;0,00%;0,00%
CXAG11;Outros;70,82;12,52%;11,16%;0,61;148.058.000;172.814;32;2.572,45;355,9;13,84%;0,00%
CXCE11;Lajes Corporativas;40;13,14%;12,17%;0,62;68.518.000;20.185;1;3.241,05;467,31;14,42%;0,00%
CXCI11;Titulos e Val. Mob.;73,43;12,94%;11,97%;0,82;151.099.000;135.113;0;0;0;0,00%;0,00%
CXCO11;Lajes Corporativas;57,31;15,61%;13,55%;0,56;224.913.000;290.216;10;2.428,32;408,82;16,84%;0,00%
CXRI11;Titulos e Val. Mob.;73,7;9,67%;9,81%;0,87;116.134.000;72.551;0;0;0;0,00%;0,00%
CXTL11;Logistica;216;11,55%;10,36%;0,54;11.577.000;3.387;1;1.662,09;341,56;20,55%;0,00%
DAMA11;Titulos e Val. Mob.;9,79;1,59%;3,17%;1,02;45.233.400;46.774;0;0;0;0,00%;0,00%
DAMT11;Hibrido;13,05;2,16%;0,74%;0,95;232.026.000;719;1;3.026,17;107,01;3,54%;11,05%
DCRA11;Titulos e Val. Mob.;7,78;18,21%;14,94%;0,82;52.428.700;114.526;0;0;0;0,00%;0,00%
DEVA11;Titulos e Val. Mob.;33,39;18,33%;17,22%;0,34;468.959.000;811.835;0;0;0;0,00%;0,00%
DMAC11;Residencial;13;-758,50%;0,00%;2,61;2.029.400;0;0;0;0;0,00%;0,00%
DOMC11;Hibrido;439;0,15%;0,00%;4,3;1.072.830.000;0;2;25.727,50;210,72;0,82%;18,27%
DOVL11;Lajes Corporativas;666,3;13,80%;12,63%;0,83;44.246.300;0;2;2.518,07;620,06;24,62%;0,00%
DPRO11;Hibrido;6,8;9,17%;8,78%;0,74;34.021.900;12.109;1;2.056,48;243,34;11,83%;0,00%
DRIT11;Lajes Corporativas;78,61;5,97%;15,77%;0,61;36.418.200;584;4;6.067,51;639,98;10,55%;39,15%
DVFF11;Titulos e Val. Mob.;6,88;0,27%;11,71%;0,8;75.745.400;15.881;0;0;0;0,00%;0,00%
EDFO11;Lajes Corporativas;157;13,59%;12,40%;0,7;37.052.000;4.461;1;104.325,00;15.442,32;14,80%;0,00%
EDGA11;Lajes Corporativas;18;5,60%;4,86%;0,29;68.617.000;23.288;1;2.736,85;270,45;9,88%;24,56%
EGAF11;Titulos e Val. Mob.;87,92;14,20%;16,03%;0,89;275.358.000;632.247;0;0;0;0,00%;0,00%
ELDO11B;Shoppings;1.104,31;9,96%;10,26%;0,68;869.375.000;0;1;11.448,70;1.353,52;11,82%;1,32%
EQIN11;Titulos e Val. Mob.;93,5;1,28%;0,00%;9,4;1.428.810.000;0;0;0;0;0,00%;0,00%
EQIR11;Titulos e Val. Mob.;8,41;10,43%;12,68%;0,86;91.747.300;240.252;0;0;0;0,00%;0,00%
ERCR11;Hibrido;76.000,00;-0,06%;0,00%;2,69;180.576.000;0;0;0;0;0,00%;0,00%
ERPA11;Lajes Corporativas;133,99;6,82%;6,77%;0,94;67.118.500;90.775;1;19.833,40;1.525,92;7,69%;0,00%
EURO11;Logistica;223,88;10,46%;9,59%;0,66;85.955.600;33.579;7;726,74;84,08;11,57%;0,00%
EVBI11;Hibrido;9,5;4,79%;8,40%;0,96;396.553.000;420.212;5;19.804,70;754,18;3,81%;1,51%
EXES11;Titulos e Val. Mob.;9,6;8,05%;9,97%;1,05;68.212.300;50.386;0;0;0;0,00%;0,00%
FAED11;Outros;140,07;12,58%;12,33%;0,64;96.981.200;68.802;4;2.101,94;282,4;13,44%;0,00%
FAMB11;Lajes Corporativas;1.879,90;-3,09%;0,00%;0,88;230.359.000;300.115;1;3.850,34;53,55;1,39%;89,31%
FATN11;Hibrido;87,52;7,38%;11,84%;0,85;301.574.000;564.622;51;21.849,10;1.692,33;7,75%;3,36%
FCFL11;Outros;112,35;9,02%;8,66%;0,91;390.305.000;248.846;1;12.530,70;1.184,04;9,45%;0,00%
FEXC11;Titulos e Val. Mob.;83,5;1,32%;0,00%;8,31;8.310.020.000;0;0;0;0;0,00%;0,00%
FFCI11;Lajes Corporativas;182,03;2,75%;0,00%;0,89;671.817.000;0;9;16.671,70;1.123,58;6,74%;1,77%
FGAA11;Hibrido;8,17;14,97%;14,38%;0,85;368.315.000;1.318.410;0;0;0;0,00%;0,00%
FIGS11;Shoppings;49,92;10,57%;9,90%;0,61;142.272.000;114.675;2;2.198,73;247,42;11,25%;5,84%
FIIB11;Hibrido;498,9;8,95%;8,19%;1,06;341.746.000;259.364;11;615,49;61,19;9,94%;0,00%
FIIP11;Hibrido;162,74;10,95%;10,05%;0,81;150.886.000;133.035;7;2.140,90;264,05;12,33%;0,00%
FISC11;Lajes Corporativas;63,99;6,51%;7,53%;0,53;108.783.000;16.690;4;8.633,55;777,43;9,00%;0,00%
FISD11;Titulos e Val. Mob.;203,32;-21,06%;0,00%;3,41;218.079.000;0;1;0;0;0,00%;0,00%
FIXX11;Titulos e Val. Mob.;85,78;7,10%;0,00%;1,35;321.608.000;0;0;0;0;0,00%;0,00%
FLCR11;Titulos e Val. Mob.;97,28;15,58%;14,01%;1,03;61.637.000;443.688;0;0;0;0,00%;0,00%
FLFL11;Hibrido;100;-0,92%;0,96%;0,7;345.426.000;0;1;30.902,30;2.342,01;7,58%;0,00%
FLMA11;Hibrido;133,97;8,74%;9,32%;0,62;184.968.000;67.321;2;15.992,90;1.805,73;11,29%;0,00%
FLRP11;Shoppings;1.980,00;7,66%;7,87%;0,87;142.560.000;15.383;1;2.799,06;231,34;8,26%;2,86%
FMOF11;Lajes Corporativas;50,97;1,95%;1,86%;0,43;25.893.200;1.566;2;1.530,53;162,8;10,64%;30,48%
FPAB11;Lajes Corporativas;231,01;6,72%;3,96%;0,68;173.258.000;102.088;2;4.743,27;346,66;7,31%;29,92%
FPNG11;Lajes Corporativas;287,5;1,33%;0,77%;1,66;669.671.000;1.832;8;51.534,10;1.167,75;2,27%;5,72%
FRBR11;Titulos e Val. Mob.;103,71;7,76%;0,00%;1,06;1.324.330.000;0;0;0;0;0,00%;0,00%
FTCE11;Hibrido;2.834,82;-0,99%;3,16%;1;3.212.010.000;1.546;79;1.647,92;44,76;2,72%;3,79%
FVBI11;Lajes Corporativas;159,71;0,00%;0,00%;0;0;0;1;0;636,95;0,00%;0,00%
FVPQ11;Shoppings;55,93;18,59%;12,52%;0,29;156.612.000;78.347;1;2.727,88;914,91;33,54%;13,60%
FZDA11;Outros;116;0,84%;0,90%;0,64;179.800.000;5.662;6;1,97;0,03;1,70%;0,00%
FZDB11;Outros;123,99;3,30%;3,05%;0,73;446.364.000;774;16;3,25;0,13;3,88%;0,00%
GALG11;Hibrido;9,08;4,86%;2,73%;1,01;1.142.860.000;0;4;319,02;35,12;11,01%;0,00%
GAME11;Outros;8,88;6,58%;11,71%;0,93;192.675.000;147.197;0;0;0;0,00%;0,00%
GARE11;Hibrido;9,09;4,85%;8,29%;1,01;1.144.120.000;6.384.370;4;319,37;35,12;11,00%;0,00%
GCFF11;Titulos e Val. Mob.;69,3;12,04%;0,00%;0,89;24.981.100;0;0;0;0;0,00%;0,00%
GCOI11;Hibrido;98,99;-1,73%;0,00%;1,04;11.185.900;337;5;5.811,22;0;0,00%;0,00%
GCRA11;Titulos e Val. Mob.;48,18;19,78%;18,85%;0,56;84.356.700;260.155;0;0;0;0,00%;0,00%
GCRI11;Titulos e Val. Mob.;68,93;11,50%;14,60%;0,77;100.215.000;174.632;0;0;0;0,00%;0,00%
GESE11B;Outros;1.520,00;11,39%;151,00%;1,36;79.040.000;0;1;0;725,37;0,00%;0,00%
GGRC11;Logistica;10,18;8,60%;9,17%;0,9;1.077.070.000;1.608.310;13;1.292,44;144,15;11,15%;0,00%
GLOG11;Logistica;60,42;17,38%;10,01%;0,56;45.315.000;26.986;1;629,7;137,02;21,76%;0,00%
GRLV11;Logistica;145,5;5,72%;0,00%;24,38;156.199.000;0;1;0;183;0,00%;3,69%
GRWA11;Titulos e Val. Mob.;8,75;9,66%;15,12%;0,87;24.136.800;21.980;0;0;0;0,00%;0,00%
GSFI11;Shoppings;7,49;0,00%;0,00%;0,55;690.732.000;241.652;0;0;0;0,00%;0,00%
GTLG11;Logistica;63,99;13,75%;0,00%;0,7;459.000.000;0;5;2.714,27;318,12;11,72%;1,69%
GTWR11;Lajes Corporativas;73,96;13,13%;12,04%;0,73;887.520.000;1.011.440;3;9.792,59;1.387,45;14,17%;0,00%
GURB11;Hibrido;108;9,33%;1,28%;0,93;122.597.000;0;2;21.696,70;2.145,74;9,89%;9,70%
GWIR11;Shoppings;175,99;2,80%;0,00%;0,74;67.231.200;0;0;0;0;4,21%;0,00%
GZIT11;Hibrido;46,29;-12,83%;14,16%;0,49;1.011.030.000;1.128.680;5;7.204,02;994,13;13,80%;3,00%
HAAA11;Lajes Corporativas;33,06;10,35%;6,44%;0,44;114.222.000;817;2;8.594,31;1.251,68;14,56%;19,81%
HABT11;Titulos e Val. Mob.;79,17;14,87%;14,26%;0,83;643.397.000;1.263.000;0;0;0;0,00%;0,00%
HBCR11;Outros;136;6,73%;11,98%;1,05;217.600.000;7.769.590;5;1.545,48;276,63;17,90%;0,00%
HBRH11;Hibrido;90,8;5,19%;1,53%;0,81;256.345.000;0;5;8.367,66;612,19;7,32%;2,83%
HBTT11;Titulos e Val. Mob.;1.055,00;6,53%;0,00%;1,19;190.126.000;0;0;0;0;0,00%;0,00%
HCHG11;Outros;70;11,67%;11,84%;0,73;84.000.000;65.804;0;0;0;0,00%;0,00%
HCRI11;Hospital;270;12,11%;11,36%;0,84;54.000.000;40.172;1;9.706,55;1.252,99;12,91%;0,00%
HCTR11;Titulos e Val. Mob.;28,03;14,64%;14,68%;0,25;619.020.000;915.428;0;0;0;0,00%;0,00%
HDEL11;Logistica;116;14,05%;12,09%;1,41;97.440.000;16;0;0;0;0,00%;0,00%
HFOF11;Titulos e Val. Mob.;62,68;11,04%;11,28%;0,83;1.444.420.000;1.662.500;0;0;0;0,00%;0,00%
HGAG11;Outros;15,9;8,28%;12,96%;0,67;3.947.210;3.206;0;0;0;0,00%;0,00%
HGBL11;Logistica;10,21;1,19%;8,57%;1,04;124.904.000;1.390.920;1;1.759,16;39,49;2,24%;0,00%
HGBS11;Shoppings;194,05;7,94%;10,22%;0,87;2.470.220.000;3.562.710;15;4.372,82;350,35;8,01%;5,47%
HGCR11;Titulos e Val. Mob.;95,64;12,03%;9,36%;0,96;1.474.590.000;2.976.520;0;0;0;0,00%;0,00%
HGFF11;Titulos e Val. Mob.;75,56;9,61%;8,70%;0,87;216.373.000;439.152;0;0;0;0,00%;0,00%
HGIC11;Titulos e Val. Mob.;92,95;10,99%;12,36%;0,82;43.008.500;6.716;2;2.182,39;0;0,00%;0,00%
HGJH11;Lajes Corporativas;191,29;9,55%;0,00%;0,55;335.342.000;0;2;26.273,60;2.781,84;10,59%;3,42%
HGLG11;Logistica;153,18;6,82%;6,82%;0,97;5.175.580.000;7.825.600;26;3.262,98;232,27;7,12%;6,43%
HGPO11;Lajes Corporativas;119,35;15,31%;4,92%;0,35;209.227.000;960.387;2;16.392,70;2.781,84;16,97%;3,42%
HGRE11;Lajes Corporativas;102,39;6,96%;8,26%;0,67;1.210.020.000;2.028.440;16;6.479,81;668,85;10,32%;26,34%
HGRU11;Hibrido;116,95;8,17%;8,29%;0,93;2.152.640.000;4.347.560;68;4.195,08;421,21;10,04%;0,97%
HILG11;Outros;198,61;8,12%;2,43%;1,05;104.519.000;5;1;3.133,77;320,41;10,22%;0,00%
HLOG11;Logistica;83,23;7,53%;6,62%;0,72;353.727.000;114.405;4;1.881,20;210,29;11,18%;23,09%
HMOC11;Shoppings;226,95;2,17%;0,00%;0,95;86.698.800;0;0;0;0;3,27%;0,00%
HOFC11;Lajes Corporativas;26,07;4,52%;2,96%;0,37;98.518.600;129.132;4;2.309,21;463,77;20,08%;52,71%
HOSI11;Hibrido;86,52;9,65%;10,01%;0,94;49.614.900;145.459;2;0;0;0,00%;0,00%
HPDP11;Shoppings;88,73;6,78%;6,89%;0,93;291.744.000;1.658.170;1;2.140,16;159,19;7,44%;1,89%
HRDF11;Hibrido;3,18;2,77%;0,00%;0,36;4.825.410;168;0;0;0;0,00%;0,00%
HREC11;Titulos e Val. Mob.;8,07;11,91%;11,31%;0,91;416.151.000;386.255;0;0;0;0,00%;0,00%
HRES11;Hibrido;149,25;12,43%;7,88%;1,21;69.885.100;0;0;0;0;0,00%;0,00%
HSAF11;Titulos e Val. Mob.;79,33;12,87%;12,32%;0,9;200.416.000;537.555;0;0;0;0,00%;0,00%
HSLG11;Logistica;79,32;11,00%;10,60%;0,76;1.004.200.000;587.432;6;2.013,08;231,7;11,51%;4,12%
HSML11;Shoppings;87,11;7,70%;10,28%;0,81;1.812.630.000;3.566.740;8;8.317,54;872,73;10,49%;4,01%
HSRE11;Hibrido;97,93;7,36%;8,79%;1,04;871.452.000;1.651.610;25;6.654,81;601,45;9,04%;5,44%
HTMX11;Hotel;160;4,73%;13,94%;1,2;240.693.000;1.138.090;21;164.556,00;13.942,67;8,47%;0,00%
HUCG11;Logistica;93,99;1,49%;0,45%;0,91;105.457.000;234;2;3.596,81;0;0,00%;0,00%
HUSC11;Outros;99,99;10,85%;10,08%;0,66;85.073.600;3.498;1;1.146,50;151,96;13,25%;0,00%
HUSI11;Hospital;1.220,00;8,25%;7,78%;1,03;141.962.000;1.716;1;6.947,17;612,58;8,82%;0,00%
IAAG11;Titulos e Val. Mob.;8,85;10,19%;12,14%;0,91;92.519.500;125.140;0;0;0;0,00%;0,00%
IAGR11;Outros;2,89;11,63%;10,17%;0,32;8.086.050;12.982;0;0;0;0,00%;0,00%
IBCR11;Titulos e Val. Mob.;55,5;12,59%;17,93%;0,58;53.192.500;171.163;0;0;0;0,00%;0,00%
IBFF11;Titulos e Val. Mob.;66,4;8,28%;0,00%;0,93;44.267.600;0;0;0;0;0,00%;0,00%
ICRI11;Titulos e Val. Mob.;94,51;7,58%;8,67%;0,94;364.559.000;1.260.170;0;0;0;0,00%;0,00%
IDFI11;Titulos e Val. Mob.;2;16,41%;266,16%;0,46;4.115.850;17.589;2;0;0;0,00%;0,00%
IDGR11;Hibrido;3;5,11%;171,09%;0,89;2.650.080;1.893;1;0;0;0,00%;0,00%
IFID11;Titulos e Val. Mob.;80,06;15,81%;0,00%;1,1;59.897.000;0;0;0;0;0,00%;0,00%
IFIE11;Titulos e Val. Mob.;71,98;15,34%;0,00%;0,92;64.817.600;0;0;0;0;0,00%;0,00%
INLG11;Logistica;76,34;12,23%;2,06%;0,77;344.454.000;110.695;5;2.825,68;375,13;13,28%;0,84%
INRD11;Residencial;70,25;14,27%;1,69%;0,6;79.432.100;86.320;5;3.026,89;599,54;19,81%;2,33%
IRDM11;Titulos e Val. Mob.;68,45;13,71%;12,35%;0,81;2.493.900.000;4.547.420;0;0;0;0,00%;0,00%
IRIM11;Hibrido;68,32;14,87%;13,38%;0,79;131.174.000;70.761;0;0;0;0,00%;0,00%
ISCJ11;Titulos e Val. Mob.;90;5,71%;0,00%;0,64;28.257.300;184;0;0;0;0,00%;0,00%
ITIP11;Titulos e Val. Mob.;70,43;17,97%;11,14%;0,97;52.692.300;73.830;0;0;0;0,00%;0,00%
ITIT11;Titulos e Val. Mob.;70,98;15,56%;9,93%;0,91;63.917.100;105.354;0;0;0;0,00%;0,00%
ITRI11;Hibrido;80,65;5,97%;6,62%;0,85;504.062.000;2.058.810;0;0;0;0,00%;0,00%
JASC11;Hibrido;103;5,09%;6,53%;0,96;359.402.000;5.926;16;4.279,86;309,43;7,23%;1,32%
JBFO11;Titulos e Val. Mob.;82,01;9,02%;2,71%;1,04;104.897.000;0;0;0;0;0,00%;0,00%
JCCJ11;Titulos e Val. Mob.;155;2,27%;2,67%;0,84;258.618.000;1.097.330;0;0;0;0,00%;0,00%
JCIN11;Titulos e Val. Mob.;151,39;3,98%;1,59%;1;199.489.000;1.461.300;0;0;0;0,00%;0,00%
JFLL11;Residencial;72,79;14,39%;9,58%;0,7;109.229.000;120.066;2;7.393,52;1.284,15;17,37%;9,00%
JGPX11;Hibrido;62,91;18,35%;18,43%;0,68;134.706.000;1.066.280;0;0;0;0,00%;0,00%
JPPA11;Hibrido;81,62;15,47%;13,76%;0,84;73.788.600;213.766;0;0;0;0,00%;0,00%
JPPC11;Hibrido;183,05;-4,40%;0,00%;0,36;10.067.800;12;0;0;0;0,00%;0,00%
JRDM11;Shoppings;85,9;7,97%;0,00%;0,96;216.723.000;0;1;7.394,68;671,49;9,08%;1,19%
JSAF11;Titulos e Val. Mob.;82,7;3,90%;13,23%;0,88;641.118.000;2.141.810;0;0;0;0,00%;0,00%
JSCR11;Titulos e Val. Mob.;87,5;0,00%;0,92%;0,91;193.700.000;233.379;0;0;0;0,00%;0,00%
JSRE11;Hibrido;60,19;8,75%;9,01%;0,55;1.249.990.000;2.104.610;6;10.649,10;1.082,70;10,17%;7,85%
KCRE11;Titulos e Val. Mob.;8,79;13,53%;11,89%;0,89;316.440.000;494.870;0;0;0;0,00%;0,00%
KEVE11;Residencial;1.050,00;0,23%;6,25%;1,52;155.086.000;47.345;1;0;0;0,00%;0,00%
KFOF11;Titulos e Val. Mob.;77,5;7,97%;9,76%;0,85;543.629.000;1.892.060;0;0;0;0,00%;0,00%
KINP11;Residencial;9,82;0,00%;0,00%;0;0;0;1;0;0;0,00%;0,00%
KISU11;Titulos e Val. Mob.;7,18;19,49%;11,55%;0,86;317.328.000;876.886;0;0;0;0,00%;0,00%
KIVO11;Titulos e Val. Mob.;75,89;13,07%;15,06%;0,85;168.683.000;633.070;0;0;0;0,00%;0,00%
KNCA11;Titulos e Val. Mob.;95,28;11,14%;12,55%;0,93;2.058.040.000;4.617.330;0;0;0;0,00%;0,00%
KNCR11;Titulos e Val. Mob.;103,5;9,38%;10,76%;1,02;7.192.140.000;15.496.500;0;0;0;0,00%;0,00%
KNHF11;Hibrido;90,04;7,70%;9,48%;0,91;1.770.480.000;4.882.590;2;22.484,60;312,25;1,39%;0,00%
KNHY11;Titulos e Val. Mob.;101,42;7,21%;12,06%;1,01;2.856.950.000;7.148.500;0;0;0;0,00%;0,00%
KNIP11;Titulos e Val. Mob.;90,87;13,65%;10,48%;0,96;7.276.700.000;10.055.600;0;0;0;0,00%;0,00%
KNRE11;Residencial;0,26;-40,88%;0,00%;0,32;4.822.260;4.278;0;0;0;0,00%;0,00%
KNRI11;Hibrido;136,12;6,93%;8,44%;0,84;3.839.130.000;9.417.860;19;5.100,31;377,68;7,41%;0,16%
KNSC11;Titulos e Val. Mob.;8,68;8,21%;10,84%;0,97;1.168.820.000;4.808.070;0;0;0;0,00%;0,00%
KNUQ11;Titulos e Val. Mob.;102,9;5,03%;11,65%;1,02;1.575.660.000;3.488.810;0;0;0;0,00%;0,00%
KOPA11;Titulos e Val. Mob.;965;6,44%;10,92%;0,97;342.263.000;391.395;0;0;0;0,00%;0,00%
KORE11;Titulos e Val. Mob.;81,86;10,03%;12,03%;0,77;787.903.000;2.768.290;4;12.629,80;855,02;6,77%;1,72%
LASC11;Shoppings;112,2;3,35%;6,46%;0,89;329.901.000;137.052;2;15.762,30;1.377,52;8,74%;2,30%
LATR11B;Residencial;9,51;-16,36%;0,00%;0,9;1.180.230;0;0;0;0;0,00%;0,00%
LFTT11;Residencial;9,29;-33,98%;0,00%;0,43;30.331.800;24.678;107;2.817,11;0,95;0,03%;0,00%
LGCP11;Logistica;82,95;11,25%;8,33%;0,83;374.279.000;67.934;5;3.070,34;375,13;12,22%;0,84%
LIFE11;Outros;9,75;13,36%;14,76%;0,98;226.866.000;730.114;0;0;0;0,00%;0,00%
LLAO11;Hibrido;77,37;-5,39%;3,99%;1,26;27.941.400;0;15;6.397,41;0;0,00%;0,00%
LOFT11B;Residencial;29,9;-1,22%;0,00%;7,38;58.678.800;0;9;35.570,10;47,2;0,13%;0,00%
LPLP11;Residencial;500;9,57%;46,79%;1,37;249.255.000;0;0;0;0;0,00%;0,00%
LSAG11;Titulos e Val. Mob.;74,93;18,89%;17,65%;0,77;75.629.400;105.038;0;0;0;0,00%;0,00%
LSPA11;Outros;29,98;144,70%;57,60%;0,94;12.126.900;16.887;0;0;0;0,00%;0,00%
LTMT11;Residencial;95,19;-2,11%;8,80%;0,99;9.975.060;353;0;0;0;0,00%;0,00%
LUGG11;Residencial;72,82;13,76%;7,27%;0,62;82.338.000;10.519;5;3.137,62;599,54;19,11%;2,33%
LVBI11;Logistica;99,91;8,04%;10,26%;0,8;1.610.410.000;4.149.170;8;21,19;2,28;10,78%;0,00%
MALL11;Hibrido;99,79;19,13%;9,61%;0,84;1.294.570.000;2.146.330;10;3.863,44;518,64;13,42%;3,64%
MANA11;Titulos e Val. Mob.;8,5;3,93%;13,53%;0,91;319.057.000;1.289.670;0;0;0;0,00%;0,00%
MATV11;Titulos e Val. Mob.;86,63;11,42%;0,00%;0,92;36.901.600;0;0;0;0;0,00%;0,00%
MAXR11;Hibrido;67,96;13,13%;19,58%;0,53;76.499.500;501.731;8;1.057,26;162,29;15,35%;23,23%
MBRF11;Outros;679;8,17%;0,00%;0,89;69.029.900;0;2;3.686,43;212,64;5,77%;78,44%
MCCI11;Titulos e Val. Mob.;84,74;11,23%;11,01%;0,91;1.437.190.000;3.865.510;0;0;0;0,00%;0,00%
MCEM11;Titulos e Val. Mob.;109;-0,22%;0,00%;1,82;157.490.000;704;0;0;0;0,00%;0,00%
MCHF11;Titulos e Val. Mob.;9,05;11,76%;3,25%;0,87;292.806.000;0;3;0;0;0,00%;0,00%
MCHY11;Titulos e Val. Mob.;8,58;6,64%;14,60%;0,89;957.519.000;4.756.840;0;0;0;0,00%;0,00%
MFAI11;Hibrido;69,98;8,93%;6,87%;0,98;27.235.200;40.665;0;0;0;0,00%;0,00%
MFCR11;Hibrido;24,35;26,37%;13,24%;0,9;2.464.950;5.639;0;0;0;0,00%;0,00%
MFII11;Hibrido;98,47;5,58%;13,30%;0,91;513.265.000;1.420.150;5;193,34;0;0,00%;0,00%
MGCR11;Titulos e Val. Mob.;9,4;11,11%;0,00%;0,96;126.115.000;0;0;0;0;0,00%;0,00%
MGFF11;Titulos e Val. Mob.;69,99;0,00%;1,47%;0;0;0;0;0;0;0,00%;0,00%
MGHT11;Hibrido;16,85;35,30%;22,84%;0,33;22.137.300;56.089;1;2.107,14;806,17;38,26%;0,00%
MGIM11;Hibrido;101,5;-2,38%;0,00%;1,03;25.101.000;0;0;0;0;0,00%;0,00%
MGLG11;Hibrido;40,99;2,37%;0,00%;0,91;103.703.000;0;1;18.055,30;103,9;0,58%;0,00%
MINT11;Outros;95,73;13,04%;4,69%;0,85;49.779.600;1.210;4;3.324,23;502,98;15,13%;0,00%
MMPD11;Outros;110,61;8,34%;7,54%;0,98;58.623.300;0;0;0;0;0,00%;0,00%
MORC11;Titulos e Val. Mob.;89,87;12,37%;3,42%;0,92;171.455.000;0;0;0;0;0,00%;0,00%
MORE11;Titulos e Val. Mob.;76,21;6,04%;0,91%;0,88;176.740.000;0;0;0;0;0,00%;0,00%
MXRF11;Hibrido;9,22;8,25%;12,10%;0,96;4.032.140.000;17.099.900;3;93.158,10;0;0,00%;0,00%
NAVT11;Titulos e Val. Mob.;76,16;12,04%;17,12%;0,88;46.631.400;114.714;0;0;0;0,00%;0,00%
NCHB11;Titulos e Val. Mob.;8,53;14,05%;14,40%;0,86;130.350.000;264.949;0;0;0;0,00%;0,00%
NCRA11;Titulos e Val. Mob.;8,07;21,41%;14,11%;0,76;35.991.800;74.412;0;0;0;0,00%;0,00%
NCRI11;Titulos e Val. Mob.;9;12,78%;12,78%;0,9;35.550.000;4.938;0;0;0;0,00%;0,00%
NEWL11;Hibrido;102,74;18,51%;10,92%;0,78;289.461.000;301.038;3;2.984,88;487,21;16,32%;0,00%
NEWU11;Hibrido;78,19;1,45%;2,08%;1,09;58.017.000;26.470;3;4.123,02;422,6;10,25%;47,02%
NEXG11;Outros;113,41;2,85%;6,61%;1,18;21.160.600;97.381;0;0;0;0,00%;0,00%
NPAR11;Outros;12,82;213,32%;0,00%;0,7;1.533.140;0;0;0;0;0,00%;0,00%
NSLU11;Hospital;162,96;11,80%;10,87%;0,79;210.754.000;151.532;1;8.595,88;1.083,14;12,60%;0,00%
NVHO11;Hospital;12,3;12,83%;8,48%;0,8;510.383.000;6.797;4;16.511,10;2.192,84;13,28%;0,00%
OBAL11;Residencial;1.213,19;-4,05%;18,64%;1,07;171.398.000;0;8;9.705,22;0;0,00%;0,00%
OCRE11;Titulos e Val. Mob.;98,5;6,80%;8,59%;1;41.664.100;7.776;0;0;0;0,00%;0,00%
OGHY11;Titulos e Val. Mob.;8,72;7,32%;2,03%;0,92;23.678.100;0;0;0;0;0,00%;0,00%
OIAG11;Titulos e Val. Mob.;7,78;15,27%;15,88%;0,78;70.276.700;193.073;0;0;0;0,00%;0,00%
ONEF11;Lajes Corporativas;200,03;6,08%;17,26%;1,09;182.227.000;0;0;0;0;0,00%;0,00%
ORPD11;Titulos e Val. Mob.;93;0,00%;0,00%;0,65;26.970.000;0;0;0;0;0,00%;0,00%
OUCY11;Hibrido;88,5;0,00%;0,00%;0;0;0;8;0;161,02;0,00%;0,00%
OUFF11;Titulos e Val. Mob.;61,1;0,00%;9,31%;0;0;0;0;0;0;0,00%;0,00%
OUJP11;Hibrido;77,85;14,32%;12,83%;0,79;253.198.000;540.824;0;0;0;0,00%;0,00%
OULG11;Logistica;31,43;13,69%;3,18%;0,49;77.986.800;84.630;2;1.039,49;206,48;19,86%;0,00%
OURE11;Hibrido;78,2;0,00%;9,71%;0;0;0;8;0;161,02;0,00%;0,00%
PATA11;Outros;10,4;1,27%;0,00%;1,04;17.700.900;20.273;0;0;0;0,00%;0,00%
PATC11;Lajes Corporativas;33,96;5,47%;12,06%;0,83;118.094.000;52.824;4;15.135,40;1.215,14;8,03%;0,00%
PATL11;Logistica;49,95;14,77%;13,21%;0,51;249.327.000;505.745;4;1.604,42;291,88;18,19%;0,00%
PDDA11B;Logistica;106,5;4,04%;0,00%;1,66;264.257.000;0;2;3.522,29;206,48;5,86%;0,00%
PEMA11;Titulos e Val. Mob.;30;25,72%;16,74%;0,45;16.560.000;622;0;0;0;0,00%;0,00%
PLCA11;Titulos e Val. Mob.;70,69;22,72%;14,63%;0,75;39.375.700;136.482;0;0;0;0,00%;0,00%
PLCR11;Titulos e Val. Mob.;80,2;20,29%;10,96%;0,87;169.155.000;299.822;0;0;0;0,00%;0,00%
PLOG11;Logistica;66,71;15,74%;0,00%;0,61;50.032.500;0;1;695,26;137,02;19,71%;0,00%
PLRI11;Titulos e Val. Mob.;10,9;-5,22%;48,49%;0,54;10.401.900;3.285;0;0;0;0,00%;0,00%
PMFO11;Titulos e Val. Mob.;90,22;0,33%;10,63%;0,99;71.932.000;17.169;0;0;0;0,00%;0,00%
PMIS11;Titulos e Val. Mob.;8,98;5,47%;9,52%;0,96;132.933.000;348.283;0;0;0;0,00%;0,00%
PNCR11;Residencial;61,5;-0,41%;11,70%;0,98;30.750.000;28;1;24.169,80;0;0,00%;0,00%
PNDL11;Titulos e Val. Mob.;1.172,00;-0,24%;0,29%;1,09;169.157.000;1.068;0;0;0;0,00%;0,00%
PNPR11;Hibrido;75,5;10,65%;2,83%;1;67.785.200;6.459;1;3.881,98;581,47;14,98%;0,00%
PNRC11;Hibrido;105,95;6,79%;13,87%;1,05;43.450.100;0;3;9.831,78;0;0,00%;0,00%
PORD11;Titulos e Val. Mob.;7,91;13,62%;13,21%;0,83;294.914.000;565.885;0;0;0;0,00%;0,00%
PQAG11;Logistica;57,86;9,59%;9,02%;1,01;809.571.000;229.889;1;12.823,40;1.177,27;9,18%;0,00%
PQDP11;Shoppings;2.054,50;19,89%;5,93%;0,59;206.603.000;205.514;1;1.569,55;233,37;14,87%;1,67%
PRSN11;Residencial;1,12;-26,55%;13,44%;0,34;3.619.000;512;2;7.050,98;0;0,00%;0,00%
PRSV11;Lajes Corporativas;60,24;-24,53%;0,00%;0,36;12.331.700;2.199;1;1.218,58;0;0,00%;100,00%
PULV11;Titulos e Val. Mob.;9,34;7,51%;1,95%;0,94;112.082.000;111.715;0;0;0;0,00%;0,00%
PURB11;Hibrido;95,1;10,60%;0,00%;0,82;107.954.000;0;2;19.105,20;2.145,74;11,23%;9,70%
PVBI11;Lajes Corporativas;77,8;6,94%;9,52%;0,74;2.110.720.000;8.076.430;7;20.451,10;1.510,51;7,39%;15,55%
QAGR11;Outros;43,8;11,92%;12,18%;0,72;220.752.000;186.006;12;1.530,02;210,49;13,76%;0,00%
QAMI11;Titulos e Val. Mob.;84,68;24,53%;0,00%;0,91;67.862.400;0;0;0;0;0,00%;0,00%
QIFF11;Titulos e Val. Mob.;97,49;7,63%;0,00%;1,09;14.623.500;0;0;0;0;0,00%;0,00%
QIRI11;Titulos e Val. Mob.;78,04;9,53%;0,00%;0,87;11.706.000;0;0;0;0;0,00%;0,00%
QMFF11;Titulos e Val. Mob.;98,52;7,55%;0,00%;1,1;14.778.000;0;0;0;0;0,00%;0,00%
RBBV11;Titulos e Val. Mob.;100;6,51%;0,00%;0,99;125.416.000;0;0;0;0;0,00%;0,00%
RBCO11;Lajes Corporativas;44;12,33%;8,39%;0,49;166.276.000;144.616;4;3.812,31;614,84;16,13%;0,00%
RBDS11;Residencial;3;-49,02%;0,00%;0,16;379.569;431;0;0;0;0,00%;0,00%
RBED11;Outros;114,83;13,53%;18,23%;0,79;270.427.000;215.133;7;2.833,85;394,34;13,92%;0,00%
RBFF11;Titulos e Val. Mob.;51,17;11,90%;11,27%;0,8;191.847.000;541.480;0;0;0;0,00%;0,00%
RBGS11;Shoppings;28,45;3,30%;0,00%;0,31;30.669.100;0;1;1.051,57;52,68;5,01%;11,94%
RBHG11;Titulos e Val. Mob.;79,28;9,96%;11,99%;0,9;171.876.000;340.836;0;0;0;0,00%;0,00%
RBHY11;Titulos e Val. Mob.;82,02;13,32%;13,87%;0,88;155.305.000;228.332;0;0;0;0,00%;0,00%
RBIR11;Residencial;81,66;1,77%;4,18%;0,81;124.827.000;193.100;0;0;0;0,00%;0,00%
RBIV11;Titulos e Val. Mob.;83,7;9,44%;0,00%;0,95;181.458.000;0;0;0;0;0,00%;0,00%
RBLG11;Logistica;62,24;17,91%;13,11%;0,86;39.846.000;1.825;1;355,46;33,54;9,44%;0,00%
RBOP11;Outros;356,5;15,57%;15,03%;0,47;36.243.200;33.329;2;1.935,51;212,64;10,99%;78,44%
RBRD11;Hibrido;36,09;11,41%;9,30%;0,57;66.831.000;53.440;4;2.432,70;362,99;14,92%;27,96%
RBRF11;Titulos e Val. Mob.;6,79;9,99%;9,45%;0,8;928.924.000;2.678.440;0;0;0;0,00%;0,00%
RBRI11;Hibrido;916,82;7,32%;12,11%;0,84;128.048.000;338;0;0;0;0,00%;0,00%
RBRL11;Logistica;73,04;10,70%;10,63%;0,7;488.421.000;530.022;5;1.891,92;264,27;13,97%;0,00%
RBRM11;Titulos e Val. Mob.;160.000,00;-8,41%;0,00%;8,16;86.240.000;0;0;0;0;0,00%;0,00%
RBRP11;Outros;53,76;5,10%;9,65%;0,69;654.753.000;1.006.750;6;10.067,20;649,92;6,46%;0,00%
RBRR11;Titulos e Val. Mob.;84,5;8,79%;10,76%;0,9;1.272.330.000;3.363.930;0;0;0;0,00%;0,00%
RBRS11;Hibrido;41,5;3,77%;1,95%;0,45;71.973.400;41.010;3;6.780,31;558,15;8,23%;80,76%
RBRX11;Titulos e Val. Mob.;8,53;6,74%;12,70%;0,89;251.368.000;953.054;0;0;0;0,00%;0,00%
RBRY11;Titulos e Val. Mob.;92,95;8,66%;11,90%;0,95;1.186.930.000;4.024.910;0;0;0;0,00%;0,00%
RBTS11;Outros;609;-2,85%;2,32%;1,15;34.423.700;7.112;0;0;0;0,00%;0,00%
RBVA11;Outros;96,87;9,43%;10,65%;0,9;1.209.450.000;1.901.740;71;5.868,72;756,97;12,90%;5,39%
RBVO11;Lajes Corporativas;5,43;4,96%;103,22%;0,97;2.800.920;82.302;0;0;0;0,00%;0,00%
RCFF11;Titulos e Val. Mob.;103;1,53%;1,74%;0,83;33.289.600;60;0;0;0;0,00%;0,00%
RCRB11;Lajes Corporativas;128,7;3,89%;8,93%;0,63;474.992.000;1.346.170;9;11.787,30;1.123,58;9,53%;1,77%
RCRI11B;Hibrido;1.200,00;4,39%;0,00%;1,16;61.214.400;0;0;0;0;0,00%;0,00%
RDES11;Hibrido;58;1,95%;0,00%;0,81;43.036.000;0;3;3.058,38;422,6;13,82%;47,02%
RDPD11;Titulos e Val. Mob.;22,96;2,98%;0,00%;2,16;172.391.000;0;0;0;0;0,00%;0,00%
RECR11;Titulos e Val. Mob.;78,8;12,86%;12,04%;0,85;2.083.600.000;3.119.250;1;39.340,10;0;0,00%;100,02%
RECT11;Hibrido;30;16,19%;14,20%;0,33;256.305.000;337.619;9;3.365,08;796,97;23,68%;10,08%
RECX11;Titulos e Val. Mob.;67,99;10,99%;7,84%;0,93;14.843.100;8.776;0;0;0;0,00%;0,00%
REIT11;Titulos e Val. Mob.;90,06;10,08%;13,74%;0,32;2.367.770;191;0;0;0;0,00%;0,00%
RELG11;Hibrido;61,3;8,77%;1,07%;0,48;81.808.600;119.571;5;1.146,15;177,23;15,46%;10,03%
RFOF11;Titulos e Val. Mob.;65,35;9,94%;12,45%;0,88;70.458.000;85.621;0;0;0;0,00%;0,00%
RINV11;Titulos e Val. Mob.;105,46;5,64%;11,70%;1,01;204.450.000;610.749;0;0;0;0,00%;0,00%
RMAI11;Hibrido;75,49;0,90%;6,52%;0,74;184.482.000;45.301;2;4.424,07;210,72;4,76%;18,27%
RNDP11;Titulos e Val. Mob.;40,08;-3,50%;124,31%;0,64;4.307.840;12.951;0;0;0;0,00%;0,00%
RNGO11;Lajes Corporativas;48,4;9,82%;9,02%;0,58;129.518.000;150.425;4;2.258,76;294,7;13,05%;14,63%
ROOF11;Outros;727,2;-7,35%;0,00%;1,44;56.354.400;0;60;3.154,96;15;0,48%;0,00%
RPRI11;Titulos e Val. Mob.;85,81;10,02%;13,13%;0,86;297.909.000;526.230;0;0;0;0,00%;0,00%
RRCI11;Titulos e Val. Mob.;70,16;14,01%;13,79%;0,77;33.800.100;48.810;0;0;0;0,00%;0,00%
RSPD11;Residencial;1.059,99;-1,98%;2,97%;0,96;157.950.000;501;0;0;0;0,00%;0,00%
RURA11;Titulos e Val. Mob.;7,98;13,31%;14,12%;0,79;1.277.590.000;5.965.780;0;0;0;0,00%;0,00%
RVBI11;Titulos e Val. Mob.;69,19;5,79%;12,08%;0,87;710.997.000;1.674.540;0;0;0;0,00%;0,00%
RZAG11;Titulos e Val. Mob.;8;24,50%;14,98%;0,84;544.323.000;1.899.250;0;0;0;0,00%;0,00%
RZAK11;Titulos e Val. Mob.;80,79;15,43%;14,72%;0,91;711.589.000;2.468.470;0;0;0;0,00%;0,00%
RZAT11;Hibrido;90,5;-60,15%;13,37%;0,9;383.271.000;1.866.670;13;1.114,92;108,66;9,75%;3,26%
RZDM11;Hibrido;550,16;19,74%;0,00%;4,15;88.025.600;0;4;61.028,80;0;0,00%;0,00%
RZEO11;Outros;237,68;12,48%;4,83%;1,04;749.387.000;86;0;0;0;21,82%;0,00%
RZTR11;Hibrido;86,2;14,18%;12,38%;0,88;1.625.020.000;5.081.040;17;2,42;0,35;14,27%;24,40%
RZZR11;Outros;140;6,80%;0,00%;0,85;673.844.000;17.690;8;1.585,58;111,49;7,03%;0,00%
SADI11;Titulos e Val. Mob.;8,62;136,67%;11,99%;0,09;13.349.700;424.068;0;0;0;0,00%;0,00%
SAIC11B;Lajes Corporativas;34;-2,88%;0,00%;0,62;48.611.200;0;1;4.368,69;54,98;1,26%;100,00%
SAPI11;Titulos e Val. Mob.;8,64;82,89%;10,92%;0,09;13.337.400;337.988;0;0;0;0,00%;0,00%
SARE11;Hibrido;3,94;123,71%;9,34%;0,05;36.383.300;834.868;3;180,37;267,3;148,20%;0,00%
SCPF11;Hibrido;1,98;7,88%;4,63%;0,17;8.316.000;3.942;1;1.748,47;686,28;39,25%;33,90%
SDIL11;Logistica;96,5;5,95%;0,00%;0,97;746.822.000;0;6;1.882,08;290,96;15,46%;0,00%
SDIP11;Lajes Corporativas;88;1,85%;0,00%;0,9;371.533.000;0;5;10.987,90;988,41;9,00%;0,00%
SEED11;Hibrido;100,12;10,38%;10,38%;1,09;164.197.000;22.755;0;0;0;0,00%;0,00%
SEQR11;Outros;50,4;15,02%;13,86%;0,54;83.951.000;121.850;4;1.988,19;357,06;17,96%;0,00%
SHDP11B;Shoppings;1.210,05;9,77%;7,37%;0,85;1.439.630.000;0;1;10.981,50;1.218,53;11,10%;1,67%
SHOP11;Hibrido;54,49;-0,79%;0,00%;1,37;80.714.200;33;1;3.355,99;242,52;7,23%;18,13%
SHPH11;Shoppings;863,55;6,58%;6,90%;0,94;525.859.000;167.572;1;14.994,10;1.221,93;8,15%;3,89%
SIGR11;Titulos e Val. Mob.;99,9;8,09%;5,15%;1;67.974.600;0;0;0;0;0,00%;0,00%
SJAU11;Logistica;51,1;23,03%;19,06%;0,81;405.338.000;1.210;0;0;0;0,00%;0,00%
SMRE11;Outros;100;-0,07%;4,13%;0,91;44.787.000;576.568;0;0;0;0,00%;0,00%
SNAG11;Hibrido;9,7;9,69%;12,01%;0,96;560.246.000;1.672.590;3;134,95;9,78;7,25%;0,00%
SNCI11;Titulos e Val. Mob.;88,73;12,59%;12,20%;0,9;372.666.000;833.555;0;0;0;0,00%;0,00%
SNCR11;Hibrido;97,8;7,17%;0,00%;0,99;472.992.000;0;0;0;0;0,00%;0,00%
SNEL11;Hibrido;8,75;3,08%;11,49%;1,24;165.359.000;891.124;1;0;0;0,09%;0,00%
SNFF11;Titulos e Val. Mob.;83,99;7,81%;12,00%;0,97;250.831.000;530.988;0;0;0;0,00%;0,00%
SNFZ11;Hibrido;10,02;0,06%;0,54%;1;62.124.000;244.578;2;40.885,20;0;0,00%;0,00%
SNLG11;Hibrido;29,77;3,26%;5,41%;0,66;75.317.100;270.644;1;13.113,10;103,9;0,79%;0,00%
SNME11;Hibrido;9,16;8,55%;10,96%;0,95;67.951.100;44.918;0;0;0;0,00%;0,00%
SOLR11;Hibrido;1.051,35;-1,57%;0,00%;1,13;67.778.400;0;1;7.723,95;0;0,00%;0,00%
SPDE11;Residencial;1.237,90;-0,38%;5,00%;1,16;113.144.000;29.260;0;0;0;0,00%;0,00%
SPMO11;Hibrido;144;-0,12%;0,00%;1,08;260.770.000;0;0;0;0;0,00%;0,00%
SPTW11;Lajes Corporativas;32,07;20,21%;15,38%;0,56;57.661.900;92.074;1;4.033,12;969,32;24,03%;0,00%
SPXS11;Hibrido;9,13;9,79%;11,74%;0,96;184.326.000;537.034;0;0;0;0,00%;0,00%
SRVD11;Titulos e Val. Mob.;3;-0,17%;0,00%;5,51;288.858.000;0;0;0;0;0,00%;0,00%
STRX11;Hibrido;168;8,60%;5,42%;1,14;271.078.000;0;3;3.646,01;329,29;9,03%;4,40%
TBOF11;Lajes Corporativas;101,5;-0,11%;0,00%;486,34;1.020.080.000;0;1;0;0;0,00%;15,37%
TEPP11;Lajes Corporativas;84,75;1,92%;11,49%;0,87;357.812.000;986.006;5;10.582,10;988,41;9,34%;0,00%
TGAR11;Hibrido;99,6;11,34%;14,37%;0,89;2.347.370.000;11.971.200;5;65,14;0,89;1,36%;0,00%
THRA11;Lajes Corporativas;138,5;2,96%;0,00%;14,52;203.973.000;0;0;0;0;0,00%;0,00%
TJKB11;Lajes Corporativas;281;8,34%;11,06%;1,04;276.955.000;2.197;7;12.019,50;944,41;7,86%;0,00%
TMPS11;Titulos e Val. Mob.;81,52;9,67%;13,56%;0,84;79.805.500;300.650;0;0;0;0,00%;0,00%
TORD11;Hibrido;0,99;-0,43%;0,00%;0,15;34.700.800;77.540;1;0;0;0,00%;0,00%
TOUR11;Residencial;8,8;0,00%;0,00%;0;0;0;3;0;0;0,00%;0,00%
TRBL11;Logistica;64,99;8,83%;14,13%;0,65;502.964.000;1.848.270;6;1.267,52;290,96;22,95%;0,00%
TRNT11;Lajes Corporativas;114;4,99%;1,46%;0,56;448.654.000;31.571;1;7.053,29;610,47;8,66%;42,50%
TRXB11;Hibrido;134,01;7,30%;9,70%;1,12;457.490.000;3.511;15;1.256,92;190,63;15,17%;0,00%
TRXF11;Hibrido;99,9;-2,98%;11,18%;0,96;2.001.550.000;6.127.030;29;3.981,75;392,12;9,85%;0,00%
TRXL11;Hibrido;103,38;4,72%;0,00%;0,99;4.471.100.000;0;21;3.515,25;235,69;6,70%;2,43%
TSER11;Lajes Corporativas;100;10,92%;11,03%;1,01;138.476.000;0;1;2.763,37;245,83;8,90%;0,00%
TSNC11;Hibrido;1;-692,08%;145766,00%;0,01;1.086.780;0;1;84,99;112,87;132,81%;100,00%
TVRI11;Lajes Corporativas;93,93;11,37%;11,57%;0,93;1.495.340.000;1.195.490;62;3.734,07;501,92;13,44%;4,57%
UBSR11;Titulos e Val. Mob.;102,5;9,88%;0,00%;1,1;2.710.270.000;0;1;51.172,10;0;0,00%;100,02%
URHF11;Titulos e Val. Mob.;121,8;3,99%;2,01%;1,25;13.448.800;4.743;0;0;0;0,00%;0,00%
URPR11;Outros;65,15;15,63%;17,62%;0,64;764.463.000;2.180.350;0;0;0;0,00%;0,00%
VCJR11;Titulos e Val. Mob.;86,5;14,52%;11,92%;0,91;1.273.620.000;2.316.590;0;0;0;0,00%;0,00%
VCRA11;Titulos e Val. Mob.;65,67;22,17%;17,47%;0,63;301.683.000;941.830;0;0;0;0,00%;0,00%
VCRI11;Titulos e Val. Mob.;7,53;13,10%;13,79%;0,79;133.833.000;257.338;0;0;0;0,00%;0,00%
VCRR11;Logistica;64,58;11,85%;11,59%;0,49;129.160.000;238.000;4;2.285,87;288,42;12,62%;0,00%
VERE11;Outros;445,76;6,71%;5,77%;0,93;282.130.000;0;4;1.719,43;189,85;11,04%;16,52%
VGHF11;Titulos e Val. Mob.;7,86;5,26%;13,19%;0,88;1.294.710.000;4.053.380;0;0;0;0,00%;0,00%
VGIA11;Titulos e Val. Mob.;8,3;15,76%;14,54%;0,89;717.577.000;2.186.320;0;0;0;0,00%;0,00%
VGII11;Outros;101,41;4,12%;9,14%;1,05;52.618.100;0;0;0;0;0,00%;0,00%
VGIP11;Titulos e Val. Mob.;80,68;12,48%;11,77%;0,89;950.995.000;1.847.320;0;0;0;0,00%;0,00%
VGIR11;Titulos e Val. Mob.;9,63;9,73%;12,34%;0,99;1.406.960.000;5.606.490;0;0;0;0,00%;0,00%
VGRI11;Titulos e Val. Mob.;8,27;3,89%;8,35%;0,85;289.630.000;509.419;5;5.147,04;245,96;4,78%;6,51%
VIFI11;Titulos e Val. Mob.;7,29;11,35%;11,25%;0,84;58.970.200;99.898;0;0;0;0,00%;0,00%
VILG11;Logistica;80,15;9,37%;8,80%;0,71;1.202.040.000;1.860.690;15;2.112,19;232,97;11,03%;6,58%
VINO11;Lajes Corporativas;4,96;11,65%;12,82%;0,46;410.818.000;899.482;10;6.033,05;1.139,65;18,89%;2,20%
VISC11;Shoppings;102,95;7,43%;10,26%;0,81;2.967.910.000;5.475.810;29;2.927,03;247,76;8,46%;5,47%
VIUR11;Outros;5,58;14,48%;13,73%;0,63;150.360.000;259.974;8;2.322,75;318,75;13,72%;3,11%
VJFD11;Hibrido;155,02;5,91%;0,48%;1;755.898.000;1.945;39;790,88;49,08;6,21%;0,00%
VLOL11;Lajes Corporativas;98;6,78%;0,00%;0,88;174.913.000;0;0;0;0;0,00%;0,00%
VOTS11;Titulos e Val. Mob.;74,82;15,56%;12,20%;0,8;61.944.500;3.782;0;0;0;0,00%;0,00%
VPSI11;Shoppings;15,61;15,57%;6,41%;0,5;126.002.000;0;16;1.024,19;163,99;16,01%;0,00%
VRTA11;Titulos e Val. Mob.;81,28;11,73%;11,57%;0,9;1.267.350.000;1.741.980;0;0;0;0,00%;0,00%
VRTM11;Titulos e Val. Mob.;7,37;2,32%;12,79%;0,77;346.178.000;619.131;1;126.251,00;0;0,00%;0,00%
VSEC11;Titulos e Val. Mob.;0,21;700,84%;0,00%;0,07;13.174;0;0;0;0;0,00%;0,00%
VSHO11;Shoppings;69,03;11,89%;10,80%;0,67;144.880.000;77.717;3;1.900,78;441,2;23,21%;7,84%
VSLH11;Outros;3,42;10,20%;13,04%;0,31;102.135.000;163.899;0;0;0;0,00%;0,00%
VTLT11;Logistica;90,1;12,35%;11,54%;0,8;190.562.000;100.821;1;739,66;103,58;14,00%;0,00%
VTPL11;Hibrido;72,1;-0,51%;0,00%;1;99.948.000;0;2;1.176,96;0;0,00%;0,00%
VVCR11;Titulos e Val. Mob.;9,49;7,20%;9,99%;0,89;71.254.100;221.209;0;0;0;0,00%;0,00%
VVMR11;Hibrido;86,96;5,42%;7,91%;0,78;245.504.000;119.068;5;8.013,78;612,19;7,64%;2,83%
VVPR11;Hibrido;101,5;8,99%;0,00%;1,04;234.036.000;0;6;5.334,39;526,7;9,87%;0,00%
VVRI11;Hibrido;99;7,27%;11,64%;0,99;79.465.600;426.312;2;5.107,34;474,1;9,28%;0,00%
VXXV11;Outros;685;-1,11%;34,88%;1,04;189.366.000;83.910;0;0;0;0,00%;0,00%
WHGR11;Hibrido;8,76;11,16%;12,75%;0,91;270.792.000;420.454;0;0;0;0,00%;0,00%
WPLZ11;Shoppings;55;8,91%;8,11%;0,62;59.595.200;4.286;1;1.594,24;153,44;9,62%;11,38%
WSEC11;Titulos e Val. Mob.;8,24;13,95%;12,57%;0,81;20.241.600;32.220;0;0;0;0,00%;0,00%
WTSP11;Hibrido;54;31,53%;8,23%;0,67;53.598.500;11.483;1;4.333,84;339,13;7,83%;3,45%
XPCA11;Titulos e Val. Mob.;6;20,64%;18,01%;0,65;273.138.000;1.805.070;0;0;0;0,00%;0,00%
XPCI11;Titulos e Val. Mob.;80,47;12,80%;12,00%;0,9;700.214.000;1.907.370;0;0;0;0,00%;0,00%
XPCM11;Hibrido;7,37;-2,17%;1,21%;0,26;17.795.400;15.549;1;882,5;16,83;1,91%;78,34%
XPHT11;Hotel;123;3,06%;0,00%;1,95;1.133.880.000;0;12;2.219,69;75,41;3,40%;0,00%
XPIN11;Outros;70,45;9,98%;10,18%;0,67;503.747.000;439.631;96;1.700,49;221,02;13,00%;12,82%
XPLG11;Logistica;96;8,82%;9,28%;0,85;2.842.870.000;4.005.880;16;2.935,12;270,97;9,23%;3,62%
XPML11;Shoppings;103,01;6,69%;10,04%;0,86;5.698.530.000;16.638.200;20;5.526,76;351,16;6,35%;5,45%
XPPR11;Outros;14,81;6,27%;5,92%;0,24;108.352.000;135.816;2;2.009,56;473,29;23,55%;45,23%
XPSF11;Titulos e Val. Mob.;6,73;12,02%;12,23%;0,84;291.423.000;689.403;0;0;0;0,00%;0,00%
XTED11;Lajes Corporativas;8,82;9,26%;0,00%;0,62;87.318.000;0;4;11,11;0,68;6,15%;0,04%
YCHY11;Hibrido;1.000,00;-5,44%;0,00%;9,95;4.235.040.000;0;13;12.319,60;108,66;0,88%;3,26%
YUFI11;Residencial;89,24;3,32%;2,85%;0,85;43.964.100;0;40;2.213,69;224,64;10,15%;0,00%
ZAGH11;Hibrido;13;4,34%;3,12%;1,36;60.397.500;798;0;0;0;0,00%;0,00%
ZAVC11;Titulos e Val. Mob.;10,49;2,03%;7,81%;1,04;32.491.200;833;0;0;0;0,00%;0,00%
ZAVI11;Hibrido;106,45;12,57%;13,58%;0,81;124.900.000;137.625;10;1.825,38;224;12,27%;0,73%
ZIFI11;Hibrido;790;-1,86%;0,00%;0,44;37.513.200;1.603;0;0;0;0,00%;0,00%
